<?xml version="1.0" encoding="UTF-8"?>

<mule xmlns:test-cnt="http://www.mulesoft.org/schema/mule/test-cnt" xmlns:new-mvc="http://www.mulesoft.org/schema/mule/new-mvc" xmlns:http="http://www.mulesoft.org/schema/mule/http" xmlns="http://www.mulesoft.org/schema/mule/core" xmlns:doc="http://www.mulesoft.org/schema/mule/documentation"
	xmlns:spring="http://www.springframework.org/schema/beans" 
	xmlns:xsi="http://www.w3.org/2001/XMLSchema-instance"
	xsi:schemaLocation="http://www.springframework.org/schema/beans http://www.springframework.org/schema/beans/spring-beans-current.xsd
http://www.mulesoft.org/schema/mule/core http://www.mulesoft.org/schema/mule/core/current/mule.xsd
http://www.mulesoft.org/schema/mule/http http://www.mulesoft.org/schema/mule/http/current/mule-http.xsd
http://www.mulesoft.org/schema/mule/new-mvc http://www.mulesoft.org/schema/mule/new-mvc/current/mule-new-mvc.xsd
http://www.mulesoft.org/schema/mule/test-cnt http://www.mulesoft.org/schema/mule/test-cnt/current/mule-test-cnt.xsd">
    <http:listener-config name="HTTP_Listener_Configuration" host="0.0.0.0" port="8081" basePath="mvc" doc:name="HTTP Listener Configuration"/>
    <spring:beans>
		<spring:bean class="service.ChatBotService"
		name="ChatBotService">
		</spring:bean>    
    </spring:beans>
    <test-cnt:config name="TestCNT__Configuration" doc:name="TestCNT: Configuration"/>
    <flow name="Select">
        <http:listener config-ref="HTTP_Listener_Configuration" path="/" doc:name="HTTP"/>
        <invoke object-ref="ChatBotService" method="selectAll" doc:name="Invoke" />
    </flow>
    <flow name="insert">
        <http:listener config-ref="HTTP_Listener_Configuration" path="/insert" doc:name="HTTP"/>
        <invoke object-ref="ChatBotService" method="insertChatBot" doc:name="Invoke" methodArguments="#[message.inboundProperties.'http.query.params'.user_chat],#[message.inboundProperties.'http.query.params'.bot_chat]"/>
    </flow>
    <flow name="Reply">
        <http:listener config-ref="HTTP_Listener_Configuration" path="/reply" doc:name="HTTP"/>
        <invoke object-ref="ChatBotService" method="ReplyChatBot" doc:name="Invoke" methodArguments="#[message.inboundProperties.'http.query.params'.text]"/>
        <test-cnt:get-reply config-ref="TestCNT__Configuration" doc:name="TestCNT"/>
    </flow>
    <flow name="GetJsonData">
        <http:listener config-ref="HTTP_Listener_Configuration" path="/json" doc:name="HTTP"/>
        <invoke object-ref="ChatBotService" method="GetJsonData" doc:name="Invoke" methodArguments="#[payload]"/>
    </flow>
</mule>
