<?xml version='1.0' encoding='UTF-8'?>
<?artifactRepository version='1.1.0'?>
<repository name='file:/home/ProjectAnypointStudio/bot-connector/target/update-site/ - artifacts' type='org.eclipse.equinox.p2.artifact.repository.simpleRepository' version='1'>
  <properties size='2'>
    <property name='p2.timestamp' value='1507535185698'/>
    <property name='p2.compressed' value='false'/>
  </properties>
  <mappings size='3'>
    <rule filter='(&amp; (classifier=osgi.bundle))' output='${repoUrl}/plugins/${id}_${version}.jar'/>
    <rule filter='(&amp; (classifier=binary))' output='${repoUrl}/binary/${id}_${version}'/>
    <rule filter='(&amp; (classifier=org.eclipse.update.feature))' output='${repoUrl}/features/${id}_${version}.jar'/>
  </mappings>
  <artifacts size='2'>
    <artifact classifier='org.eclipse.update.feature' id='org.mule.tooling.ui.extension.bot-connector.3.5.0' version='1.0.0.201710091446'>
      <properties size='4'>
        <property name='artifact.size' value='641'/>
        <property name='download.size' value='641'/>
        <property name='download.md5' value='b1816462481448217bdfaade60781887'/>
        <property name='download.contentType' value='application/zip'/>
      </properties>
    </artifact>
    <artifact classifier='osgi.bundle' id='org.mule.tooling.ui.contribution.bot.3.5.0' version='1.0.0.201710091446'>
      <properties size='3'>
        <property name='artifact.size' value='382619'/>
        <property name='download.size' value='382619'/>
        <property name='download.md5' value='250682bcd7706c36521837494348ab6c'/>
      </properties>
    </artifact>
  </artifacts>
</repository>
