<?xml version="1.0" encoding="UTF-8"?>

<mule xmlns:bot-chat="http://www.mulesoft.org/schema/mule/bot-chat" xmlns:http="http://www.mulesoft.org/schema/mule/http" xmlns:tls="http://www.mulesoft.org/schema/mule/tls" xmlns="http://www.mulesoft.org/schema/mule/core" xmlns:doc="http://www.mulesoft.org/schema/mule/documentation"
	xmlns:spring="http://www.springframework.org/schema/beans" 
	xmlns:xsi="http://www.w3.org/2001/XMLSchema-instance"
	xsi:schemaLocation="http://www.springframework.org/schema/beans http://www.springframework.org/schema/beans/spring-beans-current.xsd
http://www.mulesoft.org/schema/mule/core http://www.mulesoft.org/schema/mule/core/current/mule.xsd
http://www.mulesoft.org/schema/mule/http http://www.mulesoft.org/schema/mule/http/current/mule-http.xsd
http://www.mulesoft.org/schema/mule/tls http://www.mulesoft.org/schema/mule/tls/current/mule-tls.xsd
http://www.mulesoft.org/schema/mule/bot-chat http://www.mulesoft.org/schema/mule/bot-chat/current/mule-bot-chat.xsd">
    <http:listener-config name="HTTP_Listener_Configuration" protocol="HTTPS" host="0.0.0.0" port="8018" basePath="chatbot" doc:name="HTTP Listener Configuration">
        <tls:context>
            <tls:key-store type="jks" path="keystore.jks" alias="chatbot" keyPassword="123456" password="123456"/>
        </tls:context>
    </http:listener-config>
     <spring:beans>
		<spring:bean class="service.ChatBotService"
		name="ChatBotService">
		</spring:bean>    
    </spring:beans>
    <bot-chat:config name="BotChat__Configuration" doc:name="BotChat: Configuration"/>
    <flow name="pagechatbotFlow1">
        <http:listener config-ref="HTTP_Listener_Configuration" path="/" doc:name="HTTP"/>
        <bot-chat:get-facebook-verify config-ref="BotChat__Configuration" hub_challenge="#[message.inboundProperties.'http.query.params'.get('hub.challenge')]" hub_verify_token="#[message.inboundProperties.'http.query.params'.get('hub.verify_token')]" doc:name="BotChat"/>
        <set-payload value="#[message.inboundProperties.'http.query.params'.get('hub.challenge')]" doc:name="Set Payload"/>
    </flow>
    <flow name="pagechatbotFlow">
        <http:listener config-ref="HTTP_Listener_Configuration" path="/webhook" doc:name="HTTP" allowedMethods="POST"/>
        <invoke object-ref="ChatBotService" method="ReplyMessage" doc:name="Invoke" methodArguments="#[payload]"/>
    </flow>
</mule>
