<?xml version="1.0" encoding="UTF-8"?>

<mule xmlns:bot="http://www.mulesoft.org/schema/mule/bot" xmlns:chatpage="http://www.mulesoft.org/schema/mule/chatpage" xmlns:chatbot="http://www.mulesoft.org/schema/mule/chatbot" xmlns:tttt="http://www.mulesoft.org/schema/mule/tttt" xmlns:face="http://www.mulesoft.org/schema/mule/face" xmlns:fbcn="http://www.mulesoft.org/schema/mule/fbcn" xmlns:http="http://www.mulesoft.org/schema/mule/http" xmlns:tls="http://www.mulesoft.org/schema/mule/tls" xmlns="http://www.mulesoft.org/schema/mule/core" xmlns:doc="http://www.mulesoft.org/schema/mule/documentation"
	xmlns:spring="http://www.springframework.org/schema/beans" 
	xmlns:xsi="http://www.w3.org/2001/XMLSchema-instance"
	xsi:schemaLocation="http://www.springframework.org/schema/beans http://www.springframework.org/schema/beans/spring-beans-current.xsd
http://www.mulesoft.org/schema/mule/core http://www.mulesoft.org/schema/mule/core/current/mule.xsd
http://www.mulesoft.org/schema/mule/http http://www.mulesoft.org/schema/mule/http/current/mule-http.xsd
http://www.mulesoft.org/schema/mule/tls http://www.mulesoft.org/schema/mule/tls/current/mule-tls.xsd
http://www.mulesoft.org/schema/mule/fbcn http://www.mulesoft.org/schema/mule/fbcn/current/mule-fbcn.xsd
http://www.mulesoft.org/schema/mule/face http://www.mulesoft.org/schema/mule/face/current/mule-face.xsd
http://www.mulesoft.org/schema/mule/tttt http://www.mulesoft.org/schema/mule/tttt/current/mule-tttt.xsd
http://www.mulesoft.org/schema/mule/chatbot http://www.mulesoft.org/schema/mule/chatbot/current/mule-chatbot.xsd
http://www.mulesoft.org/schema/mule/chatpage http://www.mulesoft.org/schema/mule/chatpage/current/mule-chatpage.xsd
http://www.mulesoft.org/schema/mule/bot http://www.mulesoft.org/schema/mule/bot/current/mule-bot.xsd">
    <http:listener-config name="HTTP_Listener_Configuration" protocol="HTTPS" host="0.0.0.0" port="8018" basePath="chatbot" doc:name="HTTP Listener Configuration">
        <tls:context>
            <tls:key-store type="jks" path="keystore.jks" alias="chatbot" keyPassword="123456" password="123456"/>
        </tls:context>
    </http:listener-config>
    <fbcn:config name="FBCN__Configuration" doc:name="FBCN: Configuration"/>
    <face:config name="Face__Configuration" doc:name="Face: Configuration"/>
    <tttt:config name="TTTT__Configuration" doc:name="TTTT: Configuration"/>
    <chatbot:config name="Chatbot__Configuration" doc:name="Chatbot: Configuration"/>
    <chatpage:config name="Chatpage__Configuration" doc:name="Chatpage: Configuration"/>
    <bot:config name="Bot__Configuration" doc:name="Bot: Configuration"/>
    <flow name="newFlow">
        <http:listener config-ref="HTTP_Listener_Configuration" path="/webhook" allowedMethods="GET" doc:name="HTTP"/>
        <bot:get-facebook-verify config-ref="Bot__Configuration" doc:name="Bot" hub_challenge="#[message.inboundProperties.'http.query.params'.get('hub.challenge')]" hub_verify_token="#[message.inboundProperties.'http.query.params'.get('hub.verify_token')]"/>
        <set-payload value="#[message.outboundProperties.hub_challenge]" doc:name="Set Payload"/>
    </flow>
    <flow name="newFlow1">
        <http:listener config-ref="HTTP_Listener_Configuration" path="/webhook" allowedMethods="POST" doc:name="HTTP"/>
        <bot:reply-message config-ref="Bot__Configuration" doc:name="Bot" access_token="EAABtR6ZCyMxkBAMj3dpxZAwK8PZCxoOnZAh5bU4wlUA0tgQF05N30pDm2GvZA77rFCW0jRITZCZA4QujG0C6hrCh3PP1hz8r2Omdf4MIl6Q1icRhgROmfJOmovBFA9WjLYXiwPjFW6IUZBpZBbQ2fFN4OYKLZCRdTN0DJB2536EYEXJgZDZD"/>
    </flow>
</mule>
